Foodgroup,Year,Total
Added sugar (tsp),2015-2016,16.20
Discretionary fats (g),2015-2016,34.86
Discretionary oils (g),2015-2016,27.11
Dairy (cup),2015-2016,1.60
Fruit (cup),2015-2016,0.94
Vegetables: total (cup),2015-2016,1.40
Grains: total (oz),2015-2016,6.44
Protein foods (oz),2015-2016,5.80
Added sugar (tsp),2017-2018,16.94
Discretionary fats (g),2017-2018,36.24
Discretionary oils (g),2017-2018,29.12
Dairy (cup),2017-2018,1.53
Fruit (cup),2017-2018,0.93
Vegetables: total (cup),2017-2018,1.39
Grains: total (oz),2017-2018,6.64
Protein foods (oz),2017-2018,5.84
